campaign_id,campaign_cost
1,2105.25
10,277.81
100,4595.61
1000,4715.01
1001,633.91
1002,4727.25
1003,2454.23
1004,2384.93
1005,610.54
1006,2864.87
1007,2416.67
1008,635.98
1009,2385.04
101,4812.44
1010,323.84
1011,4215.68
1012,3871.01
1013,2008.92
1014,436.09
1015,868.82
1016,4956.85
1017,4720.19
1018,695.34
1019,3910.09
102,4623.43
1020,4470.89
1021,3718.15
1022,3797.81
1023,2053.65
1024,604.94
1025,2336.01
1026,288.96
1027,398.53
1028,1678.32
1029,1045.72
103,1458.99
1030,985.46
1031,200.7
1032,4143.35
1033,542.39
1034,3417.16
1035,3683.66
1036,3523.88
1037,416.01
1038,1699.85
1039,547.27
104,3978.33
1040,4537.3
1041,734.76
1042,3593.4
1043,582.44
1044,3761.52
1045,3040.6
1046,4625.98
1047,4680.74
1048,2893.63
1049,1311.18
105,1808.14
1050,4058.61
1051,2818.62
1052,4927.31
1053,3254.74
1054,4447.88
1055,3530.86
1056,976.0
1057,403.28
1058,2326.75
1059,4964.36
106,3590.21
1060,4270.7
1061,4307.4
1062,3234.57
1063,4021.95
1064,828.0
1065,2681.58
1066,3260.33
1067,3688.38
1068,2604.68
1069,1268.84
107,2484.07
1070,4613.67
1071,511.24
1072,1026.44
1073,3360.09
1074,4656.34
1075,1578.89
1076,4014.17
1077,279.92
1078,1084.07
1079,3401.32
108,2071.39
1080,782.75
1081,724.1
1082,2778.63
1083,3798.68
1084,3596.71
1085,2979.92
1086,4590.98
1087,1619.46
1088,2059.12
1089,4985.28
109,3681.16
1090,4598.05
1091,3617.04
1092,3186.95
1093,786.23
1094,3557.6
1095,1289.54
1096,4096.6
1097,782.81
1098,1409.67
1099,2902.45
11,629.57
110,1950.07
1100,2744.47
1101,1488.57
1102,331.51
1103,1572.94
1104,1591.26
1105,4018.38
1106,3423.32
1107,846.92
1108,4137.75
1109,4117.96
111,3601.28
1110,1110.29
1111,1355.22
1112,2319.41
1113,3570.86
1114,1365.89
1115,592.96
1116,1476.69
1117,3777.18
1118,739.86
1119,4990.93
112,641.63
1120,2545.92
1121,608.44
1122,4791.53
1123,945.5
1124,859.84
1125,4366.14
1126,2592.69
1127,1641.88
1128,563.41
1129,501.34
113,2791.53
1130,1988.17
1131,3639.67
1132,3346.72
1133,2051.26
1134,3981.08
1135,3916.29
1136,2527.92
1137,2971.7
1138,3935.91
1139,1384.31
114,813.67
1140,1750.16
1141,1417.86
1142,4450.73
1143,2459.44
1144,3696.64
1145,4418.62
1146,795.78
1147,3090.68
1148,2795.81
1149,2960.26
115,3647.55
1150,1447.49
1151,373.98
1152,1535.09
1153,1709.44
1154,1563.02
1155,862.87
1156,4617.96
1157,190.68
1158,4704.47
1159,312.91
116,1877.29
1160,4088.15
1161,1932.91
1162,3582.61
1163,4350.93
1164,4226.69
1165,710.12
1166,984.63
1167,1965.43
1168,1852.18
1169,3418.3
117,159.39
1170,4112.03
1171,1173.57
1172,344.4
1173,2556.49
1174,4384.08
1175,633.42
1176,3155.84
1177,3543.41
1178,1752.99
1179,1613.83
118,3457.86
1180,4245.95
1181,1758.0
1182,3423.15
1183,3114.08
1184,3309.43
1185,1859.17
1186,2388.69
1187,2306.01
1188,1409.29
1189,526.06
119,1050.36
1190,2348.37
1191,853.98
1192,3078.41
1193,4345.29
1194,485.53
1195,1732.52
1196,477.07
1197,1212.45
1198,1986.94
1199,3300.46
12,4812.72
120,611.02
1200,3744.81
1201,3963.73
1202,1443.9
1203,823.07
1204,550.9
1205,2760.88
1206,4232.56
1207,1345.36
1208,684.59
1209,3049.44
121,4748.89
1210,2384.52
1211,225.16
1212,3856.36
1213,2184.67
1214,4048.56
1215,3823.72
1216,398.92
1217,1081.82
1218,3243.5
1219,4497.8
122,940.04
1220,843.14
1221,1160.14
1222,4534.93
1223,1693.4
1224,531.5
1225,2620.79
1226,4137.68
1227,1960.8
1228,499.53
1229,1309.23
123,3847.0
1230,1189.58
1231,3836.64
1232,506.25
1233,2715.66
1234,1616.56
1235,4502.77
1236,1098.3
1237,4201.97
1238,3218.67
1239,2796.73
124,3435.83
1240,3965.61
1241,284.07
1242,882.4
1243,2678.35
1244,4911.52
1245,1557.29
1246,4098.53
1247,334.43
1248,128.24
1249,3758.4
125,969.06
1250,1746.29
1251,2356.58
1252,610.88
1253,2832.75
1254,571.96
1255,1597.77
1256,1213.8
1257,3316.2
1258,3917.93
1259,1642.76
126,1058.12
1260,4187.56
1261,4471.35
1262,1730.03
1263,2489.77
1264,118.52
1265,4828.72
1266,510.84
1267,3391.19
1268,4380.98
1269,892.43
127,2705.23
1270,3008.78
1271,2264.34
1272,2123.29
1273,456.09
1274,4444.49
1275,4794.77
1276,2157.33
1277,1623.28
1278,1914.98
1279,2815.74
128,3035.04
1280,3696.83
1281,231.24
1282,358.61
1283,2870.81
1284,660.83
1285,634.66
1286,3146.94
1287,3314.56
1288,4198.9
1289,2316.2
129,3917.28
1290,1747.27
1291,3112.03
1292,2489.9
1293,2077.58
1294,2206.6
1295,2566.58
1296,2026.99
1297,727.29
1298,4644.55
1299,3984.27
13,3158.49
130,1295.98
1300,1371.25
1301,3571.31
1302,1580.77
1303,2699.46
1304,4893.07
1305,3609.6
1306,2729.27
1307,2465.44
1308,1485.49
1309,4328.02
131,4958.51
1310,4884.02
1311,3214.2
1312,1216.31
1313,227.7
1314,2271.52
1315,563.23
1316,3221.06
1317,2981.4
1318,1843.45
1319,2672.88
132,3641.28
1320,2485.46
1321,1034.68
1322,1044.21
1323,4899.81
1324,1272.85
1325,3667.06
1326,2988.97
1327,1375.26
1328,2943.22
1329,2515.53
133,1314.05
1330,608.82
1331,2151.26
1332,2715.46
1333,1066.3
1334,1372.76
1335,3098.49
1336,2822.14
1337,2865.86
1338,1900.71
1339,3067.4
134,1638.27
1340,2992.57
1341,655.07
1342,367.53
1343,2533.37
1344,1157.51
1345,2836.88
1346,2111.45
1347,4148.67
1348,3145.87
1349,4796.44
135,4489.48
1350,1265.26
1351,1907.49
1352,4186.48
1353,778.09
1354,1315.35
1355,4988.46
1356,1775.73
1357,830.18
1358,2076.01
1359,2837.08
136,1323.72
1360,1439.46
1361,3574.4
1362,2485.29
1363,471.36
1364,3451.29
1365,4762.75
1366,2168.27
1367,3668.48
1368,123.95
1369,2613.91
137,4212.22
1370,1926.48
1371,2863.91
1372,453.23
1373,3393.06
1374,1117.12
1375,1737.33
1376,396.94
1377,683.26
1378,2405.84
1379,2788.55
138,279.73
1380,4046.13
1381,3852.53
1382,3794.58
1383,1696.7
1384,2972.4
1385,4010.18
1386,480.5
1387,571.61
1388,2583.0
1389,2363.19
139,2683.15
1390,4927.4
1391,1441.57
1392,2955.87
1393,4654.61
1394,2804.98
1395,1935.55
1396,3233.5
1397,1319.05
1398,1283.01
1399,4696.3
14,263.18
140,2033.88
1400,949.96
1401,143.63
1402,1740.6
1403,1860.85
1404,123.77
1405,3992.19
1406,2627.77
1407,1113.86
1408,3722.86
1409,2684.18
141,2612.64
1410,1432.86
1411,587.84
1412,3225.27
1413,4800.38
1414,1435.55
1415,3841.8
1416,593.49
1417,2550.51
1418,3169.62
1419,3463.6
142,3468.95
1420,4272.8
1421,3004.45
1422,342.6
1423,4076.93
1424,1025.42
1425,3203.59
1426,635.63
1427,1575.28
1428,3899.24
1429,2015.05
143,1906.77
1430,4353.31
1431,2235.71
1432,1507.69
1433,2487.98
1434,1963.76
1435,3158.47
1436,1758.16
1437,537.32
1438,4226.9
1439,2842.88
144,1089.61
1440,1208.15
1441,1538.83
1442,2429.15
1443,2859.9
1444,3010.49
1445,3614.44
1446,4500.32
1447,601.91
1448,4521.05
1449,4031.14
145,1762.72
1450,2322.83
1451,803.9
1452,3710.42
1453,4449.9
1454,4486.88
1455,963.66
1456,4760.2
1457,1399.83
1458,4233.48
1459,3393.1
146,3354.52
1460,4679.39
1461,3826.67
1462,3603.54
1463,4325.03
1464,4361.89
1465,4513.56
1466,3778.46
1467,3704.08
1468,1446.38
1469,4613.4
147,3726.94
1470,1032.45
1471,1876.88
1472,3012.19
1473,4877.56
1474,4602.35
1475,3806.28
1476,1441.31
1477,1215.46
1478,2139.88
1479,290.65
148,410.01
1480,2250.02
1481,4741.73
1482,249.45
1483,2329.88
1484,3606.66
1485,3804.15
1486,4663.97
1487,1358.87
1488,1265.85
1489,2163.58
149,3315.68
1490,4697.83
1491,4936.88
1492,2718.75
1493,3229.39
1494,3938.84
1495,2285.15
1496,4565.96
1497,3826.39
1498,2728.76
1499,1111.52
15,2213.86
150,3558.7
1500,2840.69
1501,1423.77
1502,4343.73
1503,2846.38
1504,3838.46
1505,3564.68
1506,2075.2
1507,1049.34
1508,2370.53
1509,4946.19
151,2132.12
1510,3179.99
1511,3903.1
1512,180.3
1513,505.67
1514,3255.95
1515,2420.27
1516,415.71
1517,866.04
1518,3823.51
1519,893.46
152,1479.02
1520,2806.59
1521,717.66
1522,3418.78
1523,2855.04
1524,4394.39
1525,1674.08
1526,393.3
1527,2139.42
1528,3635.73
1529,2688.57
153,2658.28
1530,3255.12
1531,4480.76
1532,4241.08
1533,1303.25
1534,4130.73
1535,1499.22
1536,2354.01
1537,581.95
1538,843.06
1539,3589.06
154,1221.86
1540,2422.77
1541,1581.56
1542,4966.48
1543,3261.23
1544,4951.89
1545,412.04
1546,2247.26
1547,3366.15
1548,692.76
1549,4785.99
155,3161.95
1550,1584.08
1551,3509.04
1552,1215.13
1553,2813.63
1554,4209.75
1555,2730.95
1556,1854.64
1557,3526.07
1558,2693.17
1559,4580.28
156,3586.7
1560,1368.26
1561,225.81
1562,2902.41
1563,510.06
1564,326.34
1565,316.69
1566,4374.28
1567,4734.88
1568,218.34
1569,1906.47
157,364.09
1570,3545.6
1571,2691.87
1572,2243.79
1573,3594.55
1574,2259.34
1575,133.59
1576,3224.74
1577,3000.72
1578,193.74
1579,2630.31
158,1148.85
1580,4653.53
1581,433.79
1582,831.4
1583,3973.72
1584,1996.38
1585,1428.24
1586,1060.44
1587,4325.56
1588,1734.89
1589,2715.29
159,3634.79
1590,1039.21
1591,4048.2
1592,741.5
1593,3238.07
1594,4398.61
1595,304.9
1596,4068.95
1597,3258.39
1598,2089.64
1599,4066.7
16,2225.24
160,161.29
1600,400.6
1601,2904.71
1602,3765.74
1603,2094.99
1604,2593.49
1605,2053.38
1606,2742.81
1607,4165.28
1608,761.74
1609,3660.83
161,2676.46
1610,2775.31
1611,3371.25
1612,3601.89
1613,1355.81
1614,289.06
1615,4378.72
1616,2384.11
1617,3190.69
1618,3653.33
1619,2462.06
162,1596.86
1620,3857.15
1621,2511.13
1622,909.62
1623,3445.57
1624,2250.99
1625,288.92
1626,1130.12
1627,4108.62
1628,2726.51
1629,3703.44
163,2205.71
1630,3250.24
1631,1924.24
1632,597.88
1633,4121.53
1634,502.76
1635,3822.22
1636,599.61
1637,2145.65
1638,494.75
1639,1742.43
164,3690.88
1640,2281.05
1641,1547.23
1642,2291.89
1643,3149.31
1644,3494.52
1645,861.34
1646,463.12
1647,3844.95
1648,730.85
1649,3760.26
165,395.68
1650,3905.96
1651,4800.92
1652,1513.68
1653,1804.85
1654,771.09
1655,4290.14
1656,3397.03
1657,2720.67
1658,2544.01
1659,1336.47
166,656.67
1660,1360.83
1661,2775.71
1662,4553.04
1663,744.86
1664,809.89
1665,3109.15
1666,4169.15
1667,3301.89
1668,2991.81
1669,1455.05
167,2615.84
1670,4400.51
1671,3880.55
1672,112.74
1673,1042.02
1674,3754.33
1675,1496.36
1676,4515.07
1677,918.63
1678,3151.93
1679,2988.25
168,4518.03
1680,1990.96
1681,954.91
1682,2167.94
1683,1917.42
1684,1858.42
1685,918.14
1686,2913.47
1687,3733.42
1688,3819.75
1689,632.28
169,874.61
1690,4262.85
1691,2038.39
1692,1344.44
1693,2380.2
1694,1290.9
1695,4826.0
1696,4835.75
1697,1006.68
1698,227.26
1699,3112.97
17,3514.85
170,2880.96
1700,390.53
1701,3229.59
1702,2729.74
1703,3079.82
1704,4645.06
1705,4515.11
1706,3997.99
1707,4041.0
1708,3496.2
1709,2319.34
171,1587.91
1710,1086.07
1711,113.39
1712,1066.24
1713,1895.92
1714,578.8
1715,4298.89
1716,3645.17
1717,1558.72
1718,2606.23
1719,2981.97
172,4980.07
1720,1688.64
1721,3803.56
1722,2581.74
1723,2199.25
1724,684.64
1725,4465.34
1726,977.48
1727,3949.31
1728,2473.19
1729,2650.1
173,4761.15
1730,1300.66
1731,3632.27
1732,1991.8
1733,4427.79
1734,1711.31
1735,4873.21
1736,3588.37
1737,832.58
1738,2901.54
1739,4926.4
174,2631.6
1740,2874.64
1741,2999.63
1742,2179.45
1743,228.77
1744,1815.31
1745,4625.56
1746,4672.71
1747,334.99
1748,3564.03
1749,288.96
175,155.62
1750,4541.71
1751,1728.03
1752,913.78
1753,3539.79
1754,2335.58
1755,3917.39
1756,4808.09
1757,4586.14
1758,3937.14
1759,651.59
176,1830.78
1760,3536.3
1761,1745.15
1762,239.93
1763,2146.94
1764,3135.6
1765,2621.74
1766,1303.73
1767,1426.21
1768,2745.88
1769,2950.65
177,1976.77
1770,253.51
1771,3554.16
1772,4657.91
1773,3464.63
1774,1992.37
1775,1012.54
1776,1789.03
1777,1183.34
1778,2538.7
1779,1838.65
178,461.14
1780,1583.66
1781,1388.45
1782,4071.84
1783,2565.43
1784,3518.89
1785,114.18
1786,3351.98
1787,2604.35
1788,231.07
1789,1518.33
179,1119.33
1790,4929.04
1791,3730.65
1792,3345.42
1793,2132.2
1794,4050.96
1795,707.81
1796,1594.12
1797,4188.66
1798,4626.32
1799,885.66
18,1246.34
180,2952.49
1800,2723.25
1801,752.02
1802,2074.01
1803,4526.35
1804,1111.4
1805,1605.4
1806,241.49
1807,4239.49
1808,1881.73
1809,1392.7
181,3462.69
1810,3763.43
1811,3662.21
1812,4485.97
1813,166.96
1814,3174.12
1815,1864.46
1816,4125.55
1817,2465.83
1818,362.66
1819,883.41
182,3344.61
1820,2699.04
1821,1912.27
1822,1964.79
1823,1384.71
1824,4148.07
1825,3892.85
1826,4195.49
1827,1410.2
1828,3733.51
1829,4501.05
183,1717.38
1830,1845.0
1831,4638.25
1832,3969.95
1833,2251.75
1834,1225.15
1835,319.03
1836,2048.49
1837,2294.95
1838,1791.8
1839,1739.51
184,819.04
1840,4228.09
1841,715.27
1842,1381.91
1843,4893.93
1844,2552.69
1845,258.72
1846,1086.81
1847,4011.46
1848,2026.82
1849,3342.08
185,147.28
1850,3943.45
1851,3381.51
1852,1868.45
1853,173.0
1854,4272.84
1855,652.53
1856,2061.17
1857,1002.66
1858,3084.2
1859,4371.8
186,1170.93
1860,938.0
1861,3429.76
1862,4169.72
1863,127.21
1864,542.64
1865,660.51
1866,3630.59
1867,722.75
1868,3976.63
1869,1187.62
187,2555.92
1870,166.85
1871,719.42
1872,2147.03
1873,4331.2
1874,1414.71
1875,131.92
1876,1785.19
1877,4968.69
1878,2359.36
1879,1201.47
188,2441.62
1880,4708.36
1881,1603.99
1882,390.69
1883,461.14
1884,1242.47
1885,2722.91
1886,1914.79
1887,4298.69
1888,3615.5
1889,4358.05
189,4329.41
1890,2995.49
1891,1975.08
1892,353.65
1893,4520.17
1894,2321.3
1895,1073.46
1896,4445.19
1897,806.14
1898,1250.23
1899,3329.78
19,1026.83
190,2081.62
1900,1237.9
1901,409.6
1902,434.11
1903,321.84
1904,3516.26
1905,4405.05
1906,1704.14
1907,1694.53
1908,4359.75
1909,2055.55
191,2989.89
1910,4496.26
1911,4994.35
1912,4999.71
1913,1472.31
1914,3352.65
1915,1036.83
1916,3304.34
1917,3411.45
1918,4639.17
1919,2417.34
192,2737.97
1920,810.56
1921,2058.18
1922,2243.81
1923,1563.79
1924,2086.28
1925,2398.25
1926,4848.23
1927,2808.82
1928,4597.45
1929,1220.29
193,2119.72
1930,2737.96
1931,741.81
1932,3555.9
1933,2273.99
1934,658.47
1935,1705.2
1936,2398.06
1937,1598.08
1938,1535.67
1939,171.04
194,2515.04
1940,1424.82
1941,2062.29
1942,3758.58
1943,2934.11
1944,4365.18
1945,1108.68
1946,3071.83
1947,2870.16
1948,1419.71
1949,2658.62
195,1141.44
1950,2189.05
1951,972.4
1952,3971.49
1953,4452.54
1954,3466.44
1955,3699.55
1956,4367.18
1957,2638.81
1958,2366.25
1959,1120.84
196,1438.01
1960,3040.78
1961,4211.23
1962,3545.29
1963,1949.52
1964,2947.16
1965,896.37
1966,2272.18
1967,3533.85
1968,3919.1
1969,1830.69
197,1499.07
1970,4629.15
1971,2019.02
1972,2567.59
1973,4771.43
1974,738.56
1975,1421.32
1976,2698.31
1977,441.46
1978,1434.38
1979,378.32
198,2674.51
1980,4368.92
1981,3202.17
1982,2260.47
1983,2864.4
1984,2155.81
1985,1815.52
1986,3642.45
1987,2480.49
1988,2593.07
1989,4567.87
199,2405.0
1990,1205.36
1991,3941.16
1992,4247.26
1993,605.26
1994,3618.03
1995,4527.24
1996,1874.62
1997,689.55
1998,4748.7
1999,1371.76
2,4152.28
20,1308.8
200,818.93
2000,2785.26
2001,854.99
2002,257.65
2003,1725.1
2004,2312.18
2005,1887.16
2006,3368.38
2007,4944.4
2008,3203.61
2009,2531.84
201,3948.65
2010,3538.59
2011,3795.86
2012,4800.67
2013,2677.34
2014,1924.44
2015,4271.11
2016,544.45
2017,1463.54
2018,3661.25
2019,2699.21
202,238.89
2020,1839.41
2021,1646.78
2022,4701.78
2023,640.91
2024,2448.91
2025,977.79
2026,3907.46
2027,4802.51
2028,4067.43
2029,705.34
203,1908.25
2030,1207.62
2031,3837.42
2032,4571.05
2033,218.17
2034,1914.9
2035,3099.11
2036,4649.29
2037,4007.83
2038,4274.97
2039,418.6
204,669.11
2040,1636.01
2041,1529.66
2042,547.86
2043,4384.54
2044,1224.85
2045,2385.5
2046,1059.86
2047,4223.36
2048,2804.3
2049,4113.11
205,4918.9
2050,788.76
2051,4746.26
2052,3957.4
2053,1700.86
2054,209.22
2055,4212.1
2056,2458.82
2057,2803.9
2058,831.51
2059,3089.22
206,1110.52
2060,4276.7
2061,1712.59
2062,974.18
2063,2416.68
2064,3059.85
2065,2120.53
2066,3200.94
2067,631.98
2068,4263.15
2069,1677.0
207,3855.29
2070,3197.59
2071,3422.42
2072,1029.41
2073,1895.83
2074,3364.67
2075,1404.07
2076,3505.91
2077,4687.14
2078,139.74
2079,4438.53
208,1112.88
2080,1525.13
2081,1919.87
2082,3113.49
2083,3566.14
2084,4765.94
2085,1944.29
2086,2351.19
2087,2008.53
2088,4188.85
2089,4269.53
209,3135.94
2090,4939.17
2091,876.22
2092,3466.63
2093,480.46
2094,1078.41
2095,4316.48
2096,496.38
2097,847.99
2098,2639.44
2099,3246.95
21,2761.56
210,4048.05
2100,4130.76
2101,1829.77
2102,2924.76
2103,503.64
2104,3918.18
2105,4054.37
2106,3533.82
2107,376.03
2108,3853.92
2109,752.83
211,3934.52
2110,2983.86
2111,4666.34
2112,106.58
2113,1326.58
2114,2498.68
2115,4345.68
2116,1260.04
2117,158.58
2118,2828.01
2119,2857.1
212,744.82
2120,144.7
2121,1125.5
2122,519.71
2123,1732.78
2124,838.98
2125,2966.82
2126,2892.52
2127,109.33
2128,3825.35
2129,4336.81
213,375.08
2130,1496.4
2131,869.28
2132,1266.52
2133,4642.63
2134,214.57
2135,1057.8
2136,2432.96
2137,1645.53
2138,4228.74
2139,1666.26
214,2002.89
2140,3593.9
2141,2194.47
2142,2779.55
2143,4553.14
2144,2686.88
2145,2557.91
2146,3864.7
2147,4263.66
2148,239.87
2149,4357.54
215,3764.45
2150,215.41
2151,1463.43
2152,2609.64
2153,2664.63
2154,2878.3
2155,255.0
2156,3472.78
2157,1849.81
2158,2465.88
2159,576.33
216,4662.9
2160,545.9
2161,4488.98
2162,328.12
2163,3097.91
2164,3483.6
2165,2089.39
2166,4023.46
2167,1074.73
2168,4405.59
2169,744.99
217,1397.76
2170,1353.79
2171,977.58
2172,961.13
2173,3315.91
2174,4059.87
2175,4647.36
2176,2494.81
2177,2811.23
2178,2718.75
2179,3436.02
218,1732.54
2180,4540.26
2181,1328.88
2182,4081.86
2183,2369.41
2184,1395.48
2185,4697.06
2186,957.17
2187,3616.9
2188,4591.99
2189,3055.51
219,2433.67
2190,290.18
2191,3330.01
2192,1750.66
2193,4588.94
2194,3584.4
2195,4779.6
2196,2493.31
2197,1859.74
2198,2554.74
2199,3450.94
22,1363.41
220,355.5
2200,2615.33
2201,3277.14
2202,2759.73
2203,1311.37
2204,3844.11
2205,580.87
2206,1656.87
2207,3040.41
2208,916.84
2209,2238.13
221,2325.85
2210,1231.82
2211,4074.29
2212,4119.84
2213,631.63
2214,1372.55
2215,3283.29
2216,4652.05
2217,2372.58
2218,1389.59
2219,1950.19
222,140.52
2220,3733.0
2221,4878.21
2222,676.04
2223,1405.81
2224,4399.28
2225,2324.4
2226,3529.4
2227,458.57
2228,2061.24
2229,2166.1
223,3608.39
2230,2112.3
2231,4452.33
2232,3293.06
2233,3887.78
2234,2862.95
2235,1732.65
2236,1230.35
2237,1340.68
2238,918.1
2239,894.19
224,925.84
2240,2494.82
2241,478.17
2242,4805.18
2243,4203.59
2244,2185.18
2245,3078.01
2246,2182.88
2247,4282.85
2248,2650.64
2249,366.37
225,1068.65
2250,4553.83
2251,4311.1
2252,1100.03
2253,2690.41
2254,2805.61
2255,3924.16
2256,3239.68
2257,1247.75
2258,3816.68
2259,3791.7
226,4435.7
2260,507.84
2261,4008.22
2262,4681.61
2263,1065.62
2264,4314.87
2265,2474.14
2266,345.76
2267,2343.91
2268,1032.87
2269,2359.26
227,366.23
2270,3574.77
2271,2698.71
2272,1996.84
2273,3510.75
2274,2117.06
2275,4295.25
2276,1259.94
2277,3105.85
2278,3857.54
2279,1808.85
228,4982.54
2280,2216.69
2281,4724.53
2282,4224.38
2283,917.5
2284,1675.74
2285,3389.07
2286,3190.3
2287,1481.51
2288,1393.93
2289,4997.63
229,2732.09
2290,1315.14
2291,3056.83
2292,4557.03
2293,3744.75
2294,441.12
2295,4999.14
2296,3424.69
2297,3507.69
2298,928.35
2299,534.8
23,1254.78
230,1456.23
2300,2228.01
2301,1209.83
2302,4285.08
2303,311.7
2304,2157.89
2305,2438.94
2306,2357.94
2307,636.32
2308,4201.96
2309,562.91
231,4787.23
2310,2182.61
2311,2645.62
2312,2859.68
2313,3066.54
2314,4627.73
2315,898.82
2316,3940.23
2317,2930.42
2318,3456.97
2319,2083.56
232,1173.14
2320,2396.56
2321,4953.59
2322,902.55
2323,2157.73
2324,3601.94
2325,1925.96
2326,4392.33
2327,4621.24
2328,977.59
2329,2293.84
233,1607.34
2330,1513.32
2331,3299.72
2332,862.07
2333,3619.38
2334,4497.01
2335,2796.45
2336,3980.49
2337,4707.16
2338,1835.3
2339,2165.9
234,661.49
2340,1588.6
2341,1864.35
2342,1595.93
2343,4278.64
2344,202.2
2345,3724.62
2346,1321.43
2347,4165.54
2348,1682.86
2349,1112.18
235,4277.65
2350,3776.74
2351,4009.07
2352,4779.69
2353,3196.84
2354,4727.83
2355,717.62
2356,1343.24
2357,2435.5
2358,3811.81
2359,2317.83
236,841.15
2360,113.93
2361,4163.85
2362,2929.27
2363,2745.17
2364,659.26
2365,3245.77
2366,1620.67
2367,3278.98
2368,139.95
2369,2716.72
237,2738.21
2370,1460.28
2371,3181.22
2372,2824.09
2373,3767.64
2374,891.25
2375,4523.0
2376,170.47
2377,3460.89
2378,3775.38
2379,4914.58
238,1418.3
2380,441.62
2381,2136.61
2382,3851.6
2383,2347.75
2384,4863.25
2385,3559.16
2386,4203.03
2387,540.72
2388,2310.63
2389,209.06
239,4038.73
2390,864.51
2391,2367.56
2392,1167.31
2393,4242.17
2394,1011.16
2395,1457.08
2396,1398.37
2397,1250.02
2398,4241.18
2399,4531.06
24,1334.12
240,1566.63
2400,805.57
2401,3358.67
2402,2178.1
2403,724.24
2404,3787.31
2405,3885.33
2406,122.21
2407,1836.08
2408,3855.08
2409,1634.73
241,3526.42
2410,662.71
2411,2030.24
2412,175.95
2413,2704.33
2414,1314.4
2415,2352.77
2416,127.47
2417,3459.48
2418,1234.71
2419,2485.87
242,3445.21
2420,2773.14
2421,3194.43
2422,2364.67
2423,3225.1
2424,3127.6
2425,2979.97
2426,929.49
2427,3114.79
2428,284.84
2429,1829.5
243,3629.24
2430,796.4
2431,1115.48
2432,4517.41
2433,842.52
2434,1363.29
2435,4995.77
2436,2610.75
2437,4230.59
2438,1757.16
2439,343.09
244,3883.94
2440,153.13
2441,2063.55
2442,4488.87
2443,4538.7
2444,2613.2
2445,4317.06
2446,1214.53
2447,2204.04
2448,750.12
2449,3472.13
245,4531.08
2450,1377.86
2451,4189.94
2452,2807.21
2453,1551.43
2454,1775.27
2455,1516.62
2456,1765.7
2457,1008.38
2458,791.72
2459,2305.78
246,3408.95
2460,2055.96
2461,1446.83
2462,3734.1
2463,4781.96
2464,777.92
2465,577.18
2466,1720.03
2467,614.33
2468,4420.28
2469,3329.19
247,4867.44
2470,208.59
2471,538.39
2472,475.7
2473,3340.0
2474,2475.94
2475,2582.46
2476,180.61
2477,640.71
2478,570.82
2479,1553.79
248,3020.45
2480,1136.64
2481,1923.04
2482,1007.49
2483,4372.47
2484,3524.55
2485,517.7
2486,2824.0
2487,4445.11
2488,3333.69
2489,4356.36
249,4526.21
2490,1204.94
2491,2455.21
2492,4974.96
2493,2407.95
2494,4059.59
2495,695.58
2496,243.8
2497,2367.88
2498,2627.96
2499,3253.02
25,1513.35
250,3308.34
2500,787.51
2501,3413.12
2502,526.37
2503,2475.81
2504,2664.31
2505,4324.58
2506,4137.28
2507,1407.83
2508,4544.17
2509,3357.08
251,4814.84
2510,4618.44
2511,2219.38
2512,3048.86
2513,552.52
2514,4808.0
2515,2691.65
2516,4053.71
2517,4327.02
2518,1099.42
2519,1124.05
252,4220.36
2520,4306.8
2521,3607.84
2522,4363.02
2523,913.99
2524,2841.52
2525,459.88
2526,4798.27
2527,1081.38
2528,4857.04
2529,2664.57
253,3192.95
2530,3402.1
2531,2452.21
2532,1420.93
2533,3376.68
2534,2487.12
2535,1913.43
2536,3201.04
2537,542.22
2538,4837.14
2539,2266.78
254,4705.04
2540,1530.24
2541,4811.52
2542,3405.44
2543,4200.46
2544,4183.35
2545,3359.84
2546,4630.36
2547,3454.14
2548,1673.27
2549,3742.8
255,2884.65
2550,2324.86
2551,1929.4
2552,1237.01
2553,3113.55
2554,3514.39
2555,4727.73
2556,1484.93
2557,947.63
2558,1405.4
2559,4792.5
256,3657.3
2560,1471.62
2561,2116.53
2562,3881.11
2563,523.97
2564,4632.44
2565,3028.75
2566,4668.97
2567,1068.36
2568,4104.75
2569,4076.77
257,2328.68
2570,4004.84
2571,1028.1
2572,196.45
2573,3808.65
2574,3167.12
2575,4176.67
2576,4447.22
2577,4139.59
2578,3620.4
2579,1363.35
258,319.55
2580,406.09
2581,4678.35
2582,2236.01
2583,3461.82
2584,814.1
2585,4140.6
2586,850.06
2587,3248.6
2588,1445.36
2589,2833.21
259,3980.85
2590,2782.97
2591,2960.08
2592,3500.61
2593,1493.67
2594,1860.05
2595,2386.67
2596,289.49
2597,837.0
2598,1197.63
2599,2316.43
26,3972.95
260,3248.33
2600,1219.02
2601,2714.6
2602,4458.01
2603,1552.57
2604,4811.85
2605,3569.64
2606,3125.37
2607,2148.5
2608,2608.99
2609,582.77
261,951.17
2610,4897.77
2611,1906.8
2612,2085.08
2613,2512.92
2614,4813.61
2615,1795.07
2616,4176.12
2617,3446.56
2618,241.47
2619,1726.24
262,1430.2
2620,747.9
2621,4112.25
2622,1526.58
2623,3403.49
2624,4061.68
2625,4852.26
2626,4743.27
2627,1739.3
2628,186.14
2629,282.41
263,1080.16
2630,1746.25
2631,4194.01
2632,886.39
2633,4401.76
2634,4613.0
2635,489.74
2636,162.48
2637,1750.74
2638,1465.91
2639,1045.11
264,155.43
2640,1241.66
2641,3111.12
2642,4601.26
2643,4851.35
2644,1641.19
2645,1944.68
2646,3068.01
2647,2674.35
2648,313.58
2649,1219.44
265,4132.64
2650,1163.15
2651,2238.95
2652,896.07
2653,3789.23
2654,3142.25
2655,1634.88
2656,2786.19
2657,110.43
2658,2990.19
2659,4333.86
266,3282.81
2660,1525.89
2661,3598.83
2662,2349.03
2663,3889.82
2664,4032.14
2665,508.64
2666,2146.11
2667,2914.47
2668,4138.8
2669,647.38
267,2577.94
2670,4068.07
2671,1202.42
2672,836.11
2673,3715.98
2674,891.82
2675,4792.5
2676,814.29
2677,102.67
2678,3439.63
2679,3433.49
268,494.25
2680,122.76
2681,4157.65
2682,2171.45
2683,4981.75
2684,4632.91
2685,2119.22
2686,877.96
2687,2267.43
2688,4388.4
2689,2280.25
269,2752.15
2690,1489.15
2691,3953.38
2692,3468.85
2693,247.57
2694,3904.99
2695,4422.42
2696,2495.77
2697,2789.32
2698,985.48
2699,4454.81
27,3637.65
270,1042.92
2700,3481.07
2701,3297.39
2702,4010.69
2703,952.97
2704,2328.05
2705,1530.26
2706,4158.15
2707,4290.66
2708,3645.1
2709,2314.95
271,319.85
2710,1541.37
2711,2400.34
2712,3153.36
2713,4261.09
2714,1087.6
2715,1481.74
2716,702.6
2717,524.88
2718,1596.66
2719,2624.26
272,634.87
2720,3558.22
2721,2677.09
2722,1115.23
2723,768.15
2724,2441.6
2725,3782.26
2726,4331.19
2727,1744.22
2728,1931.88
2729,4340.32
273,2271.69
2730,3262.54
2731,989.67
2732,1587.76
2733,976.89
2734,4725.2
2735,985.42
2736,2544.25
2737,493.63
2738,4082.15
2739,3882.84
274,4709.79
2740,2398.83
2741,1228.87
2742,1847.58
2743,4195.85
2744,4654.71
2745,4709.06
2746,1743.42
2747,3330.51
2748,251.31
2749,2192.41
275,882.78
2750,3749.87
2751,803.85
2752,1727.35
2753,2467.55
2754,2677.05
2755,4559.12
2756,4498.91
2757,543.28
2758,2346.64
2759,1578.38
276,1451.8
2760,2277.94
2761,4593.55
2762,1150.1
2763,1027.21
2764,702.89
2765,2510.21
2766,321.42
2767,4763.91
2768,3327.06
2769,1104.37
277,739.97
2770,4682.81
2771,4479.29
2772,2019.74
2773,3945.01
2774,3847.03
2775,4171.22
2776,2746.43
2777,3134.31
2778,1305.99
2779,116.89
278,335.01
2780,2243.7
2781,3401.73
2782,3858.42
2783,776.82
2784,1532.2
2785,3690.42
2786,1315.99
2787,4681.82
2788,2417.75
2789,3461.29
279,889.16
2790,2269.41
2791,2607.53
2792,156.94
2793,2415.77
2794,4903.83
2795,4434.33
2796,3655.14
2797,3075.62
2798,1330.58
2799,4816.43
28,117.78
280,2827.03
2800,3627.28
2801,3701.58
2802,4040.14
2803,2143.38
2804,546.84
2805,2965.9
2806,1662.99
2807,3881.54
2808,2979.47
2809,642.77
281,3418.15
2810,666.67
2811,3491.47
2812,197.07
2813,207.25
2814,3157.35
2815,323.14
2816,132.44
2817,3631.27
2818,3575.62
2819,1484.4
282,2043.99
2820,2132.98
2821,3635.82
2822,3598.53
2823,3340.87
2824,2572.23
2825,860.04
2826,1370.85
2827,534.48
2828,1073.57
2829,2797.14
283,3582.16
2830,4458.86
2831,3097.95
2832,1430.86
2833,4678.2
2834,3984.52
2835,4843.48
2836,2446.54
2837,4254.69
2838,1425.47
2839,4639.88
284,3344.86
2840,4075.26
2841,2347.76
2842,1874.82
2843,4872.5
2844,1156.77
2845,4318.25
2846,192.88
2847,2102.38
2848,3951.76
2849,2655.99
285,3520.03
2850,4557.11
2851,1143.69
2852,4917.44
2853,3320.77
2854,1870.99
2855,3715.12
2856,921.69
2857,4983.64
2858,3825.76
2859,4224.38
286,393.02
2860,2129.95
2861,244.41
2862,2467.8
2863,4763.11
2864,2546.78
2865,1008.56
2866,4964.74
2867,1203.46
2868,1770.62
2869,1555.74
287,486.92
2870,1570.04
2871,527.83
2872,4873.97
2873,2449.47
2874,2053.59
2875,1287.25
2876,819.09
2877,2436.91
2878,2300.95
2879,1615.9
288,2687.74
2880,1136.56
2881,120.7
2882,2915.78
2883,4573.16
2884,3217.68
2885,847.27
2886,1228.36
2887,738.82
2888,246.16
2889,3288.34
289,4643.63
2890,2209.87
2891,1360.58
2892,4788.05
2893,4832.26
2894,4334.27
2895,2790.02
2896,1607.55
2897,2907.32
2898,4959.67
2899,3120.15
29,278.25
290,435.84
2900,3677.82
2901,3667.36
2902,2319.07
2903,4833.09
2904,4769.06
2905,1677.6
2906,3694.27
2907,3773.21
2908,3842.93
2909,2917.1
291,3540.31
2910,467.25
2911,4826.02
2912,1253.19
2913,2866.68
2914,1874.07
2915,2468.13
2916,2901.82
2917,2424.11
2918,2784.29
2919,1933.58
292,2538.28
2920,225.9
2921,2538.31
2922,4404.99
2923,110.03
2924,3892.84
2925,1567.88
2926,1545.53
2927,2648.9
2928,2353.79
2929,498.09
293,2142.99
2930,477.11
2931,1212.0
2932,1309.23
2933,2554.1
2934,1426.17
2935,2072.0
2936,2510.43
2937,3287.91
2938,2894.5
2939,4569.15
294,689.81
2940,4576.21
2941,4931.15
2942,3043.94
2943,421.11
2944,3446.59
2945,212.13
2946,3964.79
2947,408.34
2948,4325.47
2949,3834.81
295,2849.05
2950,4691.49
2951,4286.21
2952,1740.87
2953,878.67
2954,4762.6
2955,1288.22
2956,2287.72
2957,4932.68
2958,1346.14
2959,4132.24
296,1302.08
2960,274.66
2961,2012.34
2962,4907.65
2963,3827.06
2964,587.32
2965,2968.67
2966,2594.83
2967,3252.6
2968,2165.26
2969,1833.84
297,3459.89
2970,1582.38
2971,4014.96
2972,2762.81
2973,329.39
2974,1800.92
2975,2698.2
2976,1458.14
2977,223.78
2978,4702.53
2979,1839.44
298,1725.51
2980,4951.43
2981,2638.82
2982,4475.73
2983,1335.92
2984,3775.62
2985,1888.4
2986,4180.21
2987,204.4
2988,227.72
2989,3526.46
299,1922.23
2990,4659.02
2991,4531.75
2992,4112.21
2993,2232.26
2994,485.09
2995,2498.96
2996,353.23
2997,1520.62
2998,124.31
2999,191.34
3,479.5
30,1973.56
300,2074.8
3000,3716.9
3001,3734.76
3002,2232.29
3003,3440.23
3004,1002.21
3005,3096.14
3006,3450.29
3007,1817.64
3008,1632.23
3009,643.05
301,1476.95
3010,4318.96
3011,2888.92
3012,1983.87
3013,1717.77
3014,1021.41
3015,2707.1
3016,724.16
3017,680.85
3018,2727.53
3019,2742.91
302,3246.89
3020,3546.58
3021,2449.58
3022,2252.74
3023,859.37
3024,450.66
3025,3534.34
3026,2570.09
3027,3232.03
3028,860.52
3029,4265.08
303,3291.2
3030,986.32
3031,1507.84
3032,4487.93
3033,4036.39
3034,2437.54
3035,2040.09
3036,3406.11
3037,1170.29
3038,4284.61
3039,1882.48
304,799.65
3040,4721.06
3041,3716.23
3042,1103.06
3043,1509.97
3044,2750.19
3045,1826.87
3046,3924.36
3047,3069.35
3048,2663.34
3049,4064.94
305,483.93
3050,2795.19
3051,708.09
3052,4374.34
3053,3285.73
3054,1641.1
3055,4768.69
3056,3763.62
3057,2131.26
3058,1864.19
3059,933.42
306,4959.37
3060,980.2
3061,1477.94
3062,1891.41
3063,3461.78
3064,2588.7
3065,846.71
3066,4093.3
3067,378.4
3068,3613.05
3069,1113.9
307,835.29
3070,4590.67
3071,1620.27
3072,3589.29
3073,4280.85
3074,1304.59
3075,1055.45
3076,4263.47
3077,1997.73
3078,1679.04
3079,2693.91
308,2857.02
3080,4464.55
3081,253.26
3082,625.15
3083,4560.55
3084,1972.35
3085,4930.82
3086,4543.96
3087,3242.9
3088,279.82
3089,1792.71
309,4412.31
3090,776.79
3091,404.08
3092,2878.63
3093,4187.92
3094,1835.47
3095,4265.06
3096,2862.1
3097,4708.74
3098,3510.36
3099,3619.57
31,1061.89
310,3843.93
3100,2872.23
3101,4421.93
3102,1450.15
3103,2217.12
3104,263.6
3105,4884.93
3106,1101.67
3107,394.89
3108,658.72
3109,3040.6
311,4239.3
3110,1788.01
3111,3408.88
3112,3901.7
3113,4489.54
3114,352.37
3115,2597.31
3116,1217.07
3117,1871.68
3118,2718.65
3119,4180.74
312,1566.93
3120,733.59
3121,216.72
3122,3874.3
3123,748.35
3124,2629.23
3125,2954.19
3126,3252.62
3127,1733.83
3128,4648.05
3129,419.34
313,388.33
3130,2855.08
3131,4457.17
3132,4655.29
3133,4447.59
3134,1043.13
3135,3760.07
3136,3044.97
3137,2025.31
3138,1678.21
3139,3748.36
314,2182.3
3140,953.33
3141,1307.91
3142,2844.62
3143,1740.5
3144,750.74
3145,4928.48
3146,2541.84
3147,3345.22
3148,398.78
3149,4662.93
315,2744.77
3150,3587.31
3151,491.85
3152,1795.63
3153,548.3
3154,4960.11
3155,4729.51
3156,4580.08
3157,2779.32
3158,3789.45
3159,3008.36
316,2498.7
3160,2720.05
3161,2349.38
3162,4536.27
3163,1021.86
3164,3672.46
3165,1839.79
3166,4896.09
3167,1521.98
3168,3397.25
3169,1071.37
317,101.37
3170,3083.03
3171,2202.58
3172,1347.49
3173,3764.92
3174,3175.88
3175,2241.14
3176,2166.23
3177,1870.45
3178,3580.39
3179,3015.2
318,2141.82
3180,4401.03
3181,2700.86
3182,1609.74
3183,784.7
3184,173.26
3185,1990.18
3186,3703.22
3187,3157.55
3188,4886.36
3189,4926.4
319,3289.92
3190,4601.89
3191,711.65
3192,1980.69
3193,170.84
3194,1143.41
3195,3455.57
3196,497.08
3197,2517.62
3198,3986.67
3199,4127.67
32,4579.54
320,381.88
3200,4902.79
3201,1250.13
3202,3982.16
3203,1752.44
3204,3550.48
3205,4301.91
3206,3058.3
3207,1938.73
3208,223.72
3209,3721.69
321,4914.24
3210,3833.6
3211,1444.02
3212,1287.12
3213,3813.85
3214,2177.9
3215,4396.92
3216,1042.05
3217,931.66
3218,713.22
3219,2873.86
322,4085.9
3220,2018.3
3221,3315.45
3222,2883.37
3223,4110.77
3224,4860.5
3225,4903.01
3226,642.44
3227,2469.56
3228,2781.64
3229,3763.46
323,1332.44
3230,4676.72
3231,1814.12
3232,4640.73
3233,2661.97
3234,4951.91
3235,3725.98
3236,1710.99
3237,3126.9
3238,4386.41
3239,757.87
324,3966.84
3240,1071.46
3241,1319.63
3242,1343.22
3243,3135.34
3244,1021.13
3245,689.64
3246,3728.55
3247,4403.25
3248,4127.5
3249,4074.39
325,1713.04
3250,977.58
3251,997.61
3252,2144.18
3253,4638.76
3254,3220.48
3255,3092.67
3256,1344.4
3257,2290.44
3258,4393.34
3259,2291.25
326,1834.9
3260,1848.19
3261,3315.97
3262,4840.79
3263,4112.22
3264,652.14
3265,1856.3
3266,1560.45
3267,1952.99
3268,4521.13
3269,544.29
327,3929.08
3270,4642.99
3271,3438.04
3272,971.01
3273,3900.82
3274,522.2
3275,3253.04
3276,4548.67
3277,2906.58
3278,449.21
3279,3629.87
328,1015.65
3280,3247.89
3281,4991.62
3282,3399.49
3283,1810.87
3284,3882.39
3285,913.92
3286,2659.68
3287,375.88
3288,1757.27
3289,2505.3
329,4112.08
3290,3984.69
3291,2000.26
3292,2614.85
3293,3606.68
3294,178.03
3295,568.12
3296,208.58
3297,890.09
3298,4700.09
3299,4143.31
33,4407.69
330,3332.49
3300,3293.73
3301,433.91
3302,1578.4
3303,4813.85
3304,3932.08
3305,4683.31
3306,2750.83
3307,4048.42
3308,4206.64
3309,2990.85
331,4437.58
3310,2838.72
3311,1428.62
3312,2684.48
3313,3859.33
3314,2130.02
3315,2835.16
3316,4228.79
3317,4389.07
3318,1180.95
3319,2580.64
332,499.39
3320,1071.3
3321,1469.74
3322,573.7
3323,3626.3
3324,4610.95
3325,148.97
3326,154.53
3327,1240.46
3328,2508.7
3329,2186.93
333,981.81
3330,4403.05
3331,3097.59
3332,175.41
3333,927.11
3334,3454.14
3335,1324.18
3336,4348.63
3337,3510.04
3338,1679.06
3339,4107.57
334,4995.2
3340,733.24
3341,1969.74
3342,2274.4
3343,604.84
3344,437.34
3345,3887.16
3346,1897.23
3347,4068.49
3348,4665.0
3349,353.42
335,514.24
3350,2456.73
3351,3826.79
3352,1609.66
3353,901.31
3354,4445.56
3355,4532.06
3356,4963.46
3357,4320.4
3358,2392.21
3359,2265.91
336,4071.86
3360,4755.27
3361,3607.15
3362,868.56
3363,424.2
3364,3744.77
3365,4133.31
3366,1997.57
3367,4274.5
3368,4438.43
3369,4771.55
337,2852.14
3370,3045.45
3371,3406.57
3372,3876.24
3373,957.64
3374,4333.16
3375,2600.62
3376,2040.93
3377,898.67
3378,3614.52
3379,2759.41
338,4884.02
3380,3019.77
3381,4906.7
3382,2969.67
3383,1317.35
3384,934.97
3385,4762.63
3386,3947.47
3387,3466.76
3388,1623.0
3389,452.71
339,844.92
3390,846.35
3391,301.4
3392,1568.82
3393,1376.64
3394,1436.69
3395,4266.8
3396,1327.38
3397,2668.54
3398,976.08
3399,3225.14
34,4826.14
340,2740.67
3400,517.95
3401,4300.22
3402,1874.31
3403,4671.69
3404,3537.26
3405,1695.5
3406,1616.37
3407,931.32
3408,4053.72
3409,143.46
341,243.58
3410,1305.16
3411,167.19
3412,227.06
3413,1767.2
3414,2956.21
3415,2316.8
3416,3949.26
3417,1416.07
3418,2007.85
3419,4663.05
342,2623.66
3420,4961.57
3421,521.58
3422,2165.32
3423,1287.52
3424,1665.38
3425,962.78
3426,2489.85
3427,4369.09
3428,1428.53
3429,2822.69
343,1811.29
3430,4063.31
3431,2849.62
3432,4212.27
3433,4056.73
3434,4978.51
3435,4988.87
3436,1489.84
3437,2844.63
3438,3726.86
3439,765.92
344,2214.96
3440,2842.51
3441,816.7
3442,2398.23
3443,2876.38
3444,1855.69
3445,2948.9
3446,1137.35
3447,4174.86
3448,527.07
3449,421.24
345,720.62
3450,860.03
3451,4979.25
3452,1154.02
3453,2499.19
3454,4978.06
3455,516.57
3456,4883.84
3457,4658.68
3458,1908.44
3459,637.93
346,355.88
3460,1712.99
3461,2605.9
3462,2290.59
3463,2593.43
3464,311.9
3465,990.35
3466,3993.31
3467,4214.35
3468,4578.87
3469,2724.35
347,3320.84
3470,141.59
3471,3611.04
3472,2921.54
3473,122.04
3474,3277.08
3475,1547.2
3476,1888.53
3477,2571.43
3478,521.37
3479,4254.89
348,3043.19
3480,3161.62
3481,2555.5
3482,530.79
3483,3835.92
3484,3709.78
3485,4292.12
3486,1853.9
3487,2702.64
3488,4684.53
3489,856.19
349,3325.95
3490,3606.26
3491,3756.54
3492,1684.67
3493,4765.55
3494,3057.83
3495,2740.94
3496,4712.24
3497,1234.69
3498,2065.18
3499,2842.94
35,4128.49
350,512.3
3500,3232.86
3501,1657.68
3502,455.33
3503,3619.67
3504,2807.32
3505,4689.52
3506,4803.36
3507,3429.75
3508,2132.66
3509,3040.15
351,1841.4
3510,1571.87
3511,377.57
3512,4196.47
3513,1622.03
3514,348.05
3515,1007.89
3516,1241.63
3517,1624.58
3518,828.28
3519,1842.07
352,497.43
3520,4079.13
3521,2866.83
3522,2551.94
3523,3699.13
3524,1719.45
3525,3506.8
3526,3118.65
3527,749.63
3528,265.41
3529,1909.82
353,1759.82
3530,1444.48
3531,2634.54
3532,1616.77
3533,3269.4
3534,3919.59
3535,3941.97
3536,1307.12
3537,1757.29
3538,3136.63
3539,2899.51
354,1658.32
3540,3544.81
3541,864.33
3542,820.91
3543,3135.33
3544,4058.62
3545,201.74
3546,2610.41
3547,3296.16
3548,4381.49
3549,2852.67
355,2192.22
3550,386.47
3551,2281.21
3552,2297.28
3553,2291.56
3554,1616.6
3555,4857.84
3556,2351.31
3557,3548.77
3558,1247.84
3559,2955.04
356,369.72
3560,4051.28
3561,1536.55
3562,4781.74
3563,4681.88
3564,3210.81
3565,552.65
3566,2131.15
3567,2296.12
3568,2591.14
3569,2483.19
357,629.3
3570,2161.46
3571,4757.11
3572,4842.2
3573,4071.85
3574,1409.11
3575,2799.97
3576,4929.68
3577,4319.56
3578,3923.93
3579,3601.92
358,2931.21
3580,411.65
3581,2163.19
3582,1872.06
3583,2416.35
3584,1189.41
3585,3766.88
3586,2212.98
3587,3156.5
3588,353.59
3589,1926.66
359,2810.18
3590,1287.67
3591,613.57
3592,4962.69
3593,2152.52
3594,2420.93
3595,363.85
3596,2606.11
3597,4726.66
3598,4232.44
3599,1947.74
36,692.98
360,640.8
3600,2718.9
3601,3794.61
3602,1070.98
3603,2611.09
3604,1064.26
3605,3742.0
3606,3434.77
3607,3270.34
3608,4638.12
3609,4601.54
361,149.49
3610,4005.97
3611,2105.1
3612,2796.93
3613,316.84
3614,699.19
3615,1529.75
3616,2374.35
3617,3175.72
3618,1344.5
3619,2599.39
362,475.7
3620,2967.75
3621,1287.45
3622,3973.07
3623,2293.06
3624,3405.43
3625,4538.48
3626,1413.01
3627,159.63
3628,4988.62
3629,4241.68
363,681.51
3630,442.12
3631,1376.35
3632,4654.84
3633,1789.69
3634,3470.07
3635,759.69
3636,2275.33
3637,1383.82
3638,2864.97
3639,3730.61
364,359.42
3640,3835.12
3641,3899.65
3642,744.74
3643,4018.79
3644,2059.28
3645,4583.15
3646,2119.29
3647,3001.47
3648,4608.46
3649,2192.36
365,2514.83
3650,153.02
3651,3100.98
3652,1944.7
3653,2118.54
3654,2030.86
3655,3153.15
3656,3718.53
3657,1194.14
3658,3155.88
3659,4866.07
366,1278.09
3660,3804.08
3661,2862.58
3662,3242.33
3663,1897.26
3664,3258.47
3665,2435.26
3666,794.59
3667,3453.22
3668,4031.72
3669,2313.52
367,887.91
3670,1251.34
3671,4015.2
3672,3461.12
3673,1232.07
3674,2341.75
3675,2908.29
3676,3018.62
3677,407.05
3678,2357.73
3679,3689.36
368,4911.46
3680,4213.12
3681,3860.73
3682,3375.85
3683,1826.55
3684,1405.88
3685,3431.19
3686,2929.08
3687,3488.82
3688,2206.25
3689,1546.61
369,3441.51
3690,1815.49
3691,4105.09
3692,2832.69
3693,216.58
3694,4073.57
3695,2420.86
3696,4732.74
3697,1270.25
3698,4447.63
3699,811.29
37,2299.45
370,440.72
3700,3514.49
3701,2895.86
3702,207.99
3703,1073.01
3704,1792.95
3705,4974.88
3706,2337.03
3707,2985.49
3708,897.09
3709,3393.9
371,4351.24
3710,282.35
3711,4642.05
3712,4780.65
3713,2233.26
3714,3072.96
3715,232.28
3716,592.34
3717,2228.09
3718,375.74
3719,1385.61
372,1213.54
3720,2465.14
3721,3656.37
3722,4998.02
3723,2696.49
3724,384.75
3725,1162.51
3726,4613.88
3727,3194.48
3728,2187.35
3729,4290.94
373,2337.51
3730,1620.6
3731,4971.3
3732,3710.38
3733,1306.11
3734,4749.9
3735,3724.15
3736,2956.57
3737,3161.1
3738,3351.97
3739,4769.5
374,1777.98
3740,3388.21
3741,2851.26
3742,3102.69
3743,3904.83
3744,1707.67
3745,4397.07
3746,4453.74
3747,4188.69
3748,1913.22
3749,3905.55
375,4583.55
3750,4362.01
3751,3968.41
3752,2386.33
3753,1432.3
3754,2368.09
3755,1177.38
3756,4860.84
3757,177.09
3758,3357.68
3759,2335.6
376,4803.91
3760,687.9
3761,3998.91
3762,1225.69
3763,3720.79
3764,540.7
3765,1987.17
3766,3900.02
3767,4446.12
3768,1640.01
3769,3216.66
377,4016.0
3770,2681.4
3771,975.28
3772,1688.97
3773,4256.2
3774,4071.48
3775,2238.22
3776,2898.22
3777,1764.09
3778,3894.92
3779,4888.07
378,3902.53
3780,4416.77
3781,3151.98
3782,2729.81
3783,2088.39
3784,991.52
3785,1945.42
3786,2693.72
3787,3450.19
3788,4859.24
3789,3918.78
379,4727.85
3790,1706.17
3791,4113.88
3792,3631.78
3793,4967.26
3794,3988.53
3795,4499.28
3796,1962.76
3797,1479.71
3798,1281.26
3799,3321.41
38,3008.75
380,990.87
3800,4617.75
3801,1966.21
3802,2018.36
3803,3154.25
3804,422.34
3805,4468.57
3806,2284.67
3807,3116.56
3808,1235.38
3809,3504.9
381,3115.45
3810,4681.31
3811,4729.51
3812,2324.3
3813,1878.9
3814,3435.17
3815,4563.28
3816,2543.24
3817,824.89
3818,3836.48
3819,2338.15
382,3192.73
3820,489.28
3821,4707.31
3822,2649.52
3823,4063.92
3824,3757.4
3825,3201.99
3826,4024.65
3827,3618.12
3828,1468.72
3829,2649.41
383,1658.09
3830,2969.91
3831,1122.16
3832,1452.68
3833,2510.89
3834,3026.41
3835,781.34
3836,631.95
3837,4893.22
3838,1015.05
3839,2394.14
384,160.57
3840,4368.37
3841,4300.83
3842,4606.6
3843,3249.73
3844,3983.8
3845,1216.27
3846,2786.93
3847,2448.43
3848,3828.71
3849,3482.51
385,4748.56
3850,2475.0
3851,220.95
3852,3600.43
3853,1052.93
3854,1960.16
3855,4146.21
3856,607.49
3857,112.05
3858,4990.91
3859,1270.93
386,2582.48
3860,2378.01
3861,2677.4
3862,4911.28
3863,2105.08
3864,2384.24
3865,3450.01
3866,805.5
3867,4023.86
3868,947.32
3869,4621.16
387,4867.12
3870,4390.25
3871,2452.83
3872,4636.99
3873,1325.85
3874,653.52
3875,2343.27
3876,3229.72
3877,1036.43
3878,4617.84
3879,3285.53
388,2116.38
3880,1611.68
3881,2092.95
3882,3149.36
3883,1600.79
3884,1346.59
3885,2413.88
3886,3396.16
3887,2060.72
3888,3806.22
3889,3519.21
389,4739.77
3890,2533.9
3891,2801.99
3892,2717.4
3893,4030.26
3894,2632.16
3895,264.71
3896,2560.04
3897,134.61
3898,1564.44
3899,3978.37
39,2690.53
390,3802.24
3900,4394.95
3901,3216.47
3902,3406.87
3903,1393.51
3904,4168.01
3905,4980.62
3906,4614.81
3907,4635.86
3908,1721.5
3909,1326.73
391,3186.33
3910,1030.48
3911,4014.81
3912,4608.2
3913,2926.32
3914,3485.26
3915,3471.9
3916,251.25
3917,3364.42
3918,352.7
3919,2428.48
392,2713.63
3920,3700.81
3921,4669.21
3922,217.7
3923,313.11
3924,3441.15
3925,764.76
3926,1477.83
3927,469.24
3928,3919.48
3929,4522.12
393,4798.31
3930,4402.93
3931,3334.4
3932,606.81
3933,1587.78
3934,2554.44
3935,2677.54
3936,1092.74
3937,2723.27
3938,4163.56
3939,351.57
394,122.08
3940,1050.76
3941,2413.95
3942,3760.58
3943,4356.96
3944,4346.95
3945,3932.71
3946,3713.7
3947,4849.69
3948,4767.12
3949,3864.94
395,3450.73
3950,160.71
3951,4390.73
3952,1190.62
3953,3107.72
3954,3820.7
3955,4400.8
3956,4942.24
3957,633.64
3958,4757.87
3959,2477.93
396,495.86
3960,947.3
3961,4134.78
3962,610.97
3963,965.69
3964,1370.5
3965,4697.6
3966,3246.21
3967,943.06
3968,4234.88
3969,4620.68
397,672.94
3970,515.09
3971,2281.56
3972,4021.15
3973,1261.58
3974,3635.06
3975,2485.43
3976,2398.72
3977,3098.35
3978,384.9
3979,2366.76
398,1479.13
3980,2415.46
3981,4190.39
3982,1034.89
3983,831.64
3984,4398.9
3985,4024.76
3986,1653.31
3987,307.01
3988,691.58
3989,2945.92
399,2844.26
3990,2254.36
3991,3984.29
3992,1082.44
3993,854.63
3994,2641.7
3995,1327.62
3996,413.99
3997,167.26
3998,3735.2
3999,4941.06
4,1780.23
40,3256.76
400,4190.95
4000,4619.02
4001,4081.75
4002,3977.5
4003,1056.28
4004,1007.84
4005,3148.41
4006,961.19
4007,3248.82
4008,1736.37
4009,3513.17
401,4997.89
402,3120.28
403,1890.6
404,3980.97
405,1321.87
406,1417.29
407,1946.01
408,2817.57
409,3796.11
41,707.04
410,3404.65
411,1536.15
412,3768.74
413,3781.9
414,4366.47
415,2114.69
416,1840.34
417,3500.21
418,880.17
419,2499.74
42,4111.66
420,3200.74
421,654.28
422,3562.67
423,3608.87
424,3966.89
425,1520.09
426,2212.09
427,953.36
428,3121.01
429,1276.81
43,2536.04
430,2642.65
431,2046.51
432,3637.05
433,1495.63
434,4764.91
435,1675.25
436,4276.35
437,3180.23
438,4734.49
439,1276.63
44,2527.91
440,211.39
441,1088.98
442,2345.67
443,4752.64
444,4750.0
445,319.96
446,2297.31
447,4565.04
448,2332.04
449,2314.51
45,862.65
450,1976.93
451,3091.23
452,756.53
453,3524.08
454,2621.1
455,1323.72
456,2578.13
457,4853.91
458,759.33
459,2564.45
46,1551.59
460,4811.37
461,1779.15
462,1574.54
463,1769.83
464,3543.2
465,4834.73
466,3198.85
467,498.42
468,1500.91
469,4612.41
47,3217.08
470,4650.01
471,426.1
472,1515.46
473,3557.26
474,124.36
475,2081.56
476,2780.56
477,2693.56
478,964.71
479,3012.32
48,4675.08
480,2590.21
481,2682.4
482,2915.1
483,3097.66
484,1493.89
485,3623.74
486,117.01
487,2578.37
488,2601.17
489,2119.72
49,3502.65
490,4879.51
491,4384.62
492,2593.65
493,4564.27
494,1354.86
495,2691.4
496,1042.83
497,1043.32
498,4446.28
499,3148.74
5,2307.01
50,4098.88
500,2921.68
501,512.2
502,869.29
503,2389.99
504,3916.33
505,1350.11
506,3378.82
507,2400.64
508,524.13
509,3492.37
51,4375.3
510,3172.71
511,2629.15
512,2302.37
513,4886.9
514,3557.29
515,428.3
516,1503.11
517,1120.37
518,4186.0
519,1332.81
52,4131.39
520,1577.71
521,256.2
522,2438.61
523,143.04
524,2217.76
525,2107.47
526,4326.59
527,1927.55
528,420.55
529,1102.66
53,2312.39
530,821.79
531,477.13
532,1598.3
533,878.52
534,3552.45
535,3779.65
536,2260.23
537,281.16
538,392.42
539,4361.44
54,4485.33
540,4267.15
541,3288.52
542,2665.57
543,3720.58
544,1891.54
545,4088.5
546,4349.45
547,830.68
548,792.36
549,1682.44
55,1000.99
550,428.6
551,495.27
552,2552.37
553,3179.13
554,3444.04
555,3224.07
556,2722.62
557,853.26
558,1063.55
559,602.84
56,956.98
560,4392.59
561,371.97
562,149.7
563,2329.61
564,255.45
565,3125.3
566,1748.91
567,3266.77
568,4177.75
569,1198.1
57,2447.37
570,4876.4
571,3246.61
572,3008.25
573,1986.98
574,2502.66
575,3621.95
576,924.19
577,4552.05
578,3015.74
579,3067.31
58,1090.07
580,2069.26
581,1625.99
582,1351.51
583,4558.42
584,2677.55
585,4296.91
586,4034.9
587,1915.06
588,4381.96
589,916.46
59,4605.03
590,835.47
591,4767.88
592,1243.05
593,2227.02
594,3445.96
595,378.2
596,4051.57
597,4828.34
598,1837.32
599,968.55
6,3181.98
60,4466.71
600,2969.68
601,336.4
602,1452.19
603,1494.45
604,4763.52
605,671.26
606,3808.83
607,4171.94
608,1402.23
609,4500.25
61,2147.1
610,3154.88
611,1402.19
612,4230.15
613,277.06
614,2399.96
615,1116.67
616,3205.67
617,3700.68
618,568.3
619,3515.07
62,3754.3
620,153.04
621,3860.69
622,3707.26
623,4956.62
624,3992.13
625,3605.46
626,1796.46
627,158.07
628,3414.34
629,2775.36
63,998.38
630,4871.12
631,133.39
632,1535.01
633,4184.31
634,4898.45
635,1364.89
636,4427.8
637,2684.06
638,1787.75
639,1473.85
64,1888.26
640,292.88
641,3368.31
642,302.73
643,680.94
644,768.38
645,1419.88
646,2484.3
647,3837.92
648,4052.19
649,3306.7
65,3486.84
650,2334.26
651,4414.49
652,1344.06
653,354.91
654,2047.25
655,3133.73
656,4588.37
657,4785.12
658,862.25
659,151.31
66,2006.59
660,1016.28
661,320.22
662,4715.17
663,3060.98
664,3119.89
665,2568.88
666,1076.37
667,3622.98
668,525.37
669,3771.95
67,426.48
670,3133.42
671,2556.24
672,2939.0
673,1423.82
674,3931.77
675,3969.27
676,3919.7
677,2555.73
678,1718.15
679,2208.42
68,4235.24
680,3341.06
681,4546.78
682,4737.44
683,4910.11
684,1571.42
685,4191.44
686,3351.74
687,606.3
688,726.05
689,715.9
69,452.27
690,3993.51
691,3327.13
692,2201.92
693,4348.89
694,2219.49
695,3425.66
696,625.63
697,4585.01
698,4092.76
699,3366.38
7,4240.56
70,3486.28
700,3080.14
701,1760.58
702,1956.13
703,1572.92
704,3114.73
705,753.54
706,2215.86
707,3428.17
708,3264.25
709,3916.26
71,3590.04
710,1096.23
711,104.17
712,4876.79
713,2957.99
714,516.1
715,3629.96
716,4680.74
717,4930.29
718,3745.54
719,4202.68
72,4894.45
720,1105.27
721,3391.5
722,3105.23
723,4733.91
724,3164.11
725,3285.09
726,1586.23
727,1420.94
728,3739.74
729,2879.09
73,3368.54
730,1794.95
731,1772.85
732,1286.29
733,371.83
734,2789.92
735,4252.82
736,2404.04
737,4720.13
738,3105.52
739,2826.86
74,3642.58
740,1953.64
741,2573.09
742,1974.61
743,959.48
744,4139.55
745,2184.4
746,2090.2
747,2886.71
748,3541.61
749,4286.19
75,4851.87
750,2159.48
751,409.57
752,1310.78
753,3599.66
754,1926.4
755,686.78
756,647.7
757,2842.05
758,1105.26
759,1541.07
76,3915.76
760,936.35
761,1411.15
762,505.55
763,2922.03
764,4093.45
765,2059.03
766,3233.0
767,4428.83
768,645.31
769,4760.6
77,3208.24
770,3886.22
771,817.8
772,2699.83
773,4393.14
774,2993.58
775,2631.19
776,4478.74
777,2274.95
778,4761.72
779,4463.24
78,4040.08
780,4974.8
781,224.59
782,2415.7
783,2654.89
784,1809.66
785,1120.12
786,911.89
787,1832.05
788,4587.28
789,3742.95
79,3261.71
790,1396.38
791,4368.98
792,3596.54
793,2312.61
794,4697.3
795,3763.79
796,4982.54
797,3297.02
798,1603.98
799,4088.13
8,251.35
80,4399.63
800,3069.76
801,4644.87
802,818.48
803,3507.38
804,1297.18
805,3535.22
806,4906.73
807,2067.3
808,322.12
809,481.23
81,4267.88
810,3894.19
811,2802.41
812,332.93
813,2031.73
814,3920.23
815,2661.52
816,4924.36
817,4125.94
818,3075.4
819,3800.71
82,4410.11
820,4931.55
821,310.68
822,1193.99
823,3527.83
824,222.7
825,1978.68
826,482.32
827,235.94
828,3629.18
829,337.29
83,2336.09
830,4447.7
831,3841.38
832,1707.53
833,1146.51
834,817.44
835,3564.28
836,144.97
837,3048.53
838,4140.62
839,4643.66
84,4106.57
840,4684.03
841,2419.07
842,3040.35
843,1520.29
844,3125.2
845,4855.58
846,2692.42
847,3951.02
848,1373.86
849,1262.09
85,4945.36
850,4942.14
851,4009.15
852,1754.07
853,1771.23
854,2552.6
855,4722.64
856,1319.14
857,3272.12
858,2443.08
859,428.74
86,4361.23
860,339.24
861,2325.99
862,871.64
863,3713.39
864,2664.37
865,3255.08
866,101.82
867,4835.25
868,1310.71
869,2269.98
87,3100.23
870,2417.27
871,3299.95
872,1667.12
873,2987.18
874,4608.0
875,2142.66
876,4841.0
877,1655.56
878,1562.37
879,1141.04
88,2924.87
880,4367.86
881,2406.95
882,2017.97
883,2788.74
884,129.43
885,4662.25
886,4930.02
887,512.11
888,3665.61
889,3042.93
89,4502.84
890,2279.21
891,3747.72
892,315.39
893,506.21
894,4705.53
895,324.46
896,3005.34
897,3997.2
898,1440.21
899,2637.62
9,1792.58
90,1635.46
900,3042.61
901,2926.46
902,524.92
903,185.01
904,1802.11
905,4843.13
906,4549.09
907,1665.69
908,2433.41
909,2329.79
91,4252.01
910,3106.33
911,1260.96
912,3591.2
913,251.58
914,4233.49
915,4852.41
916,4330.12
917,3999.96
918,4071.36
919,3707.79
92,439.69
920,4065.26
921,3801.68
922,3887.87
923,4780.04
924,3789.57
925,2561.36
926,658.51
927,4269.32
928,104.81
929,1078.19
93,3379.06
930,3358.5
931,2411.15
932,4228.17
933,4878.3
934,2270.93
935,2012.32
936,1243.73
937,1888.48
938,3972.95
939,2505.05
94,3553.41
940,1708.51
941,4071.0
942,2015.17
943,3436.53
944,744.93
945,814.04
946,2983.01
947,474.96
948,3366.56
949,2330.82
95,1611.1
950,1231.64
951,4107.5
952,4976.82
953,2921.61
954,4198.92
955,1050.83
956,4166.16
957,3769.4
958,3154.31
959,3354.66
96,2641.56
960,3089.26
961,3771.12
962,1771.78
963,4645.7
964,4309.36
965,725.39
966,3468.06
967,1385.89
968,4654.41
969,3252.86
97,313.99
970,4565.79
971,384.48
972,2640.11
973,1924.08
974,4444.01
975,3936.73
976,1183.0
977,4068.88
978,2870.87
979,2754.2
98,2864.31
980,750.18
981,846.6
982,453.41
983,638.6
984,871.24
985,1178.27
986,4476.7
987,201.46
988,2669.71
989,1699.77
99,1725.25
990,1356.42
991,1333.46
992,3322.68
993,2215.76
994,2958.59
995,1343.56
996,1404.99
997,4763.69
998,3800.54
999,2288.36
